{
  "framework": "vite",
  "buildCommand": "npm run build",
  "outputDirectory": "dist",
  "installCommand": "npm install",
  "devCommand": "npm run dev",
  "headers": [
    {
      "source": "/(.*)",
      "headers": [
        {
          "key": "X-Content-Type-Options",
          "value": "nosniff"
        },
        {
          "key": "X-Frame-Options",
          "value": "DENY"
        }
      ]
    }
  ],
  "rewrites": [
    {
      "source": "/((?!api/).*)",
      "destination": "/index.html"
    }
  ]
}
